,Instance,vCPU(s),RAM,Temporary storage,Pay as you go,1 year reserved,3 year reserved,Spot
0,B1ls,1,0.5 GiB,4 GiB,4.526,2.6645,1.6936,Blank
1,B1s,1,1 GiB,4 GiB,9.052,5.2487,3.4164,Blank
2,B1ms,1,2 GiB,4 GiB,18.104,10.585,6.8036,Blank
3,B2s,2,4 GiB,8 GiB,36.208,21.17,13.6145,Blank
4,B2ms,2,8 GiB,16 GiB,72.416,42.4203,27.2217,Blank
5,B4ms,4,16 GiB,32 GiB,144.5400,84.753,54.4434,Blank
6,B8ms,8,32 GiB,64 GiB,289.81,169.4987,108.916,Blank
7,B12ms,12,48 GiB,96 GiB,434.3500,254.2517,163.3302,Blank
8,B16ms,16,64 GiB,128 GiB,579.62,338.9974,217.7809,Blank
9,B20ms,20,80 GiB,160 GiB,724.16,423.7504,272.2243,Blank
10,A1 v2,1,2 GiB,10 GiB,31.3900,Blank,Blank,4.4290
11,A2 v2,2,4 GiB,20 GiB,66.4300,Blank,Blank,9.3732
12,A2m v2,2,16 GiB,20 GiB,108.77,Blank,Blank,15.3476
13,A4 v2,4,8 GiB,40 GiB,139.43,Blank,Blank,19.6735
14,A4m v2,4,32 GiB,40 GiB,216.81,Blank,Blank,30.5922
15,A8 v2,8,16 GiB,80 GiB,292,Blank,Blank,41.2012
16,A8m v2,8,64 GiB,80 GiB,433.62,Blank,Blank,61.1835
17,D2as v5,2,8 GiB,N/A,73.73,43.5007,28.0247,16.9871
18,D4as v5,4,16 GiB,N/A,147.46,87.0014,56.0275,33.9750
19,D8as v5,8,32 GiB,N/A,294.92,174.0028,112.0842,67.9499
20,D16as v5,16,64 GiB,N/A,589.84,347.9983,224.1392,135.8990
21,D32as v5,32,128 GiB,N/A,"1,179.68",695.9966,448.2784,271.7980
22,D48as v5,48,192 GiB,N/A,"1,769.52","1,044.0022",672.4176,407.6977
23,D64as v5,64,256 GiB,N/A,"2,359.36","1,392.0005",896.5568,543.5967
24,D96as v5,96,384 GiB,N/A,"3,539.04","2,087.9971","1,344.8352",815.3947
25,D2ads v5,2,8 GiB,75 GiB,89.06,52.5819,33.8355,18.2398
26,D4ads v5,4,16 GiB,150 GiB,178.12,105.0835,67.6929,36.4789
27,D8ads v5,8,32 GiB,300 GiB,356.24,210.167,135.3639,72.9577
28,D16ads v5,16,64 GiB,600 GiB,712.48,420.334,270.7497,145.9161
29,D32ads v5,32,128 GiB,"1,200 GiB","1,424.96",840.7483,541.4702,291.8321
30,D48ads v5,48,192 GiB,"1,800 GiB","2,137.44","1,261.0823",812.2199,437.7475
31,D64ads v5,64,256 GiB,"2,400 GiB","2,849.92","1,681.4163","1,082.9696",583.6635
32,D96ads v5,96,384 GiB,"3,600 GiB","4,274.88","2,522.1646","1,624.4471",875.4956
33,D2a v4,2,8 GiB,50 GiB,81.76,48.0851,30.7476,8.7892
34,D4a v4,4,16 GiB,100 GiB,163.52,96.1702,61.4733,17.5784
35,D8a v4,8,32 GiB,200 GiB,327.04,192.3331,122.9758,35.1568
36,D16a v4,16,64 GiB,400 GiB,654.08,384.5859,245.9443,70.3136
37,D32a v4,32,128 GiB,800 GiB,"1,308.16",769.1645,491.8594,140.6272
38,D48a v4,48,192 GiB,"1,200 GiB","1,962.24","1,153.8307",737.8037,210.9408
39,D64a v4,64,256 GiB,"1,600 GiB","2,616.32","1,538.4166",983.7480,281.2544
40,D96a v4,96,384 GiB,"2,400 GiB","3,924.48","2,307.5811","1,475.6147",421.8816
41,D2as v4,2,8 GiB,16 GiB,81.76,48.0851,30.7476,8.7892
42,D4as v4,4,16 GiB,32 GiB,163.52,96.1702,61.4733,17.5784
43,D8as v4,8,32 GiB,64 GiB,327.04,192.3331,122.9758,35.1568
44,D16as v4,16,64 GiB,128 GiB,654.08,384.5859,245.9443,70.3136
45,D32as v4,32,128 GiB,256 GiB,"1,308.16",769.1645,491.8594,140.6272
46,D48as v4,48,192 GiB,384 GiB,"1,962.24","1,153.8307",737.8037,210.9408
47,D64as v4,64,256 GiB,512 GiB,"2,616.32","1,538.4166",983.7480,281.2544
48,D96as v4,96,384 GiB,768 GiB,"3,924.48","2,307.5811","1,475.6147",421.8816
49,D2ps v5,2,8 GiB,N/A,N/A,Blank,Blank,N/A
50,D4ps v5,4,16 GiB,N/A,N/A,Blank,Blank,N/A
51,D8ps v5,8,32 GiB,N/A,N/A,Blank,Blank,N/A
52,D16ps v5,16,64 GiB,N/A,N/A,Blank,Blank,N/A
53,D32ps v5,32,128 GiB,N/A,N/A,Blank,Blank,N/A
54,D48ps v5,48,192 GiB,N/A,N/A,Blank,Blank,N/A
55,D64ps v5,64,208 GiB,N/A,N/A,Blank,Blank,N/A
56,D2pds v5,2,8 GiB,75 GiB,N/A,Blank,Blank,N/A
57,D4pds v5,4,16 GiB,150 GiB,N/A,Blank,Blank,N/A
58,D8pds v5,8,32 GiB,300 GiB,N/A,Blank,Blank,N/A
59,D16pds v5,16,64 GiB,600 GiB,N/A,Blank,Blank,N/A
60,D32pds v5,32,128 GiB,"1,200 GiB",N/A,Blank,Blank,N/A
61,D48pds v5,48,192 GiB,"1,800 GiB",N/A,Blank,Blank,N/A
62,D64pds v5,64,208 GiB,"2,400 GiB",N/A,Blank,Blank,N/A
63,D2pls v5,2,4 GiB,N/A,N/A,Blank,Blank,N/A
64,D4pls v5,4,8 GiB,N/A,N/A,Blank,Blank,N/A
65,D8pls v5,8,16 GiB,N/A,N/A,Blank,Blank,N/A
66,D16pls v5,16,32 GiB,N/A,N/A,Blank,Blank,N/A
67,D32pls v5,32,64 GiB,N/A,N/A,Blank,Blank,N/A
68,D48pls v5,48,96 GiB,N/A,N/A,Blank,Blank,N/A
69,D64pls v5,64,128 GiB,N/A,N/A,Blank,Blank,N/A
70,D2plds v5,2,4 GiB,75 GiB,N/A,Blank,Blank,N/A
71,D4plds v5,4,8 GiB,150 GiB,N/A,Blank,Blank,N/A
72,D8plds v5,8,16 GiB,300 GiB,N/A,Blank,Blank,N/A
73,D16plds v5,16,32 GiB,600 GiB,N/A,Blank,Blank,N/A
74,D32plds v5,32,64 GiB,"1,200 GiB",N/A,Blank,Blank,N/A
75,D48plds v5,48,96 GiB,"1,800 GiB",N/A,Blank,Blank,N/A
76,D64plds v5,64,128 GiB,"2,400 GiB",N/A,Blank,Blank,N/A
77,D2d v5,2,8 GiB,75 GiB,97.09,57.2466,36.8869,15.9031
78,D4d v5,4,16 GiB,150 GiB,194.18,114.5808,73.7811,31.8069
79,D8d v5,8,32 GiB,300 GiB,388.36,229.1689,147.5841,63.6137
80,D16d v5,16,64 GiB,600 GiB,776.72,458.2502,295.1682,127.2266
81,D32d v5,32,128 GiB,"1,200 GiB","1,553.44",916.5004,590.3072,254.4532
82,D48d v5,48,192 GiB,"1,800 GiB","2,330.1600","1,374.8309",885.4754,381.6805
83,D64d v5,64,256 GiB,"2,400 GiB","3,106.88","1,833.0811","1,180.6144",508.9071
84,D96d v5,96,384 GiB,"3,600 GiB","4,660.3200","2,749.5815","1,770.9143",763.3603
85,D2ds v5,2,8 GiB,75 GiB,97.09,57.2466,36.8869,15.9031
86,D4ds v5,4,16 GiB,150 GiB,194.18,114.5808,73.7811,31.8069
87,D8ds v5,8,32 GiB,300 GiB,388.36,229.1689,147.5841,63.6137
88,D16ds v5,16,64 GiB,600 GiB,776.72,458.2502,295.1682,127.2266
89,D32ds v5,32,128 GiB,"1,200 GiB","1,553.44",916.5004,590.3072,254.4532
90,D48ds v5,48,192 GiB,"1,800 GiB","2,330.1600","1,374.8309",885.4754,381.6805
91,D64ds v5,64,256 GiB,"2,400 GiB","3,106.88","1,833.0811","1,180.6144",508.9071
92,D96ds v5,96,384 GiB,"3,600 GiB","4,660.3200","2,749.5815","1,770.9143",763.3603
93,D2 v5,2,8 GiB,N/A,81.76,48.2530,31.0542,13.3926
94,D4 v5,4,16 GiB,N/A,163.52,96.4987,62.1376,26.7845
95,D8 v5,8,32 GiB,N/A,327.04,192.9171,124.2752,53.5689
96,D16 v5,16,64 GiB,N/A,654.08,385.9145,248.5577,107.1385
97,D32 v5,32,128 GiB,N/A,"1,308.16",771.8363,497.1081,214.2769
98,D48 v5,48,192 GiB,N/A,"1,962.24","1,157.7508",745.6366,321.4147
99,D64 v5,64,256 GiB,N/A,"2,616.32","1,543.6653",994.1943,428.5531
100,D96 v5,96,384 GiB,N/A,"3,924.48","2,315.414","1,491.3024",642.8300
101,D2s v5,2,8 GiB,N/A,81.76,48.2530,31.0542,13.3926
102,D4s v5,4,16 GiB,N/A,163.52,96.4987,62.1376,26.7845
103,D8s v5,8,32 GiB,N/A,327.04,192.9171,124.2752,53.5689
104,D16s v5,16,64 GiB,N/A,654.08,385.9145,248.5577,107.1385
105,D32s v5,32,128 GiB,N/A,"1,308.16",771.8363,497.1081,214.2769
106,D48s v5,48,192 GiB,N/A,"1,962.24","1,157.7508",745.6366,321.4147
107,D64s v5,64,256 GiB,N/A,"2,616.32","1,543.6653",994.1943,428.5531
108,D96s v5,96,384 GiB,N/A,"3,924.48","2,315.414","1,491.3024",642.8300
109,DC2ads v5,2,8 GiB,75 GiB,150.38,Blank,Blank,60.152
110,DC4ads v5,4,16 GiB,150 GiB,300.76,Blank,Blank,120.304
111,DC8ads v5,8,32 GiB,300 GiB,602.25,Blank,Blank,240.90
112,DC16ads v5,16,64 GiB,600 GiB,"1,203.77",Blank,Blank,481.508
113,DC32ads v5,32,128 GiB,"1,200 GiB","2,408.27",Blank,Blank,963.3080
114,DC48ads v5,48,192 GiB,"1,800 GiB","3,612.0400",Blank,Blank,"1,444.816"
115,DC64ads v5,64,256 GiB,"2,400 GiB","4,816.54",Blank,Blank,"1,926.6160"
116,DC96ads v5,96,384 GiB,"3,600 GiB","7,224.81",Blank,Blank,"2,889.924"
117,DC2as v5,2,8 GiB,N/A,127.7500,Blank,Blank,51.10
118,DC4as v5,4,16 GiB,N/A,255.5000,Blank,Blank,102.20
119,DC8as v5,8,32 GiB,N/A,511.0000,Blank,Blank,204.40
120,DC16as v5,16,64 GiB,N/A,"1,022.73",Blank,Blank,409.092
121,DC32as v5,32,128 GiB,N/A,"2,045.46",Blank,Blank,818.184
122,DC48as v5,48,192 GiB,N/A,"3,068.19",Blank,Blank,"1,227.276"
123,DC64as v5,64,256 GiB,N/A,"4,090.92",Blank,Blank,"1,636.368"
124,DC96as v5,96,384 GiB,N/A,"6,135.65",Blank,Blank,"2,454.26"
125,D2d v4,2,8 GiB,75 GiB,97.09,57.0860,36.50,13.6992
126,D4d v4,4,16 GiB,150 GiB,194.18,114.1647,73,27.3991
127,D8d v4,8,32 GiB,300 GiB,388.36,228.3367,146.0292,54.7975
128,D16d v4,16,64 GiB,600 GiB,776.72,456.7464,292.0584,109.5949
129,D32d v4,32,128 GiB,"1,200 GiB","1,553.44",913.4198,584.0803,219.1906
130,D48d v4,48,192 GiB,"1,800 GiB","2,330.1600","1,370.1662",876.1387,328.7855
131,D64d v4,64,256 GiB,"2,400 GiB","3,106.88","1,826.8323","1,168.1971",438.3811
132,D2ds v4,2,8 GiB,75 GiB,97.09,57.0860,36.50,13.6992
133,D4ds v4,4,16 GiB,150 GiB,194.18,114.1647,73,27.3991
134,D8ds v4,8,32 GiB,300 GiB,388.36,228.3367,146.0292,54.7975
135,D16ds v4,16,64 GiB,600 GiB,776.72,456.7464,292.0584,109.5949
136,D32ds v4,32,128 GiB,"1,200 GiB","1,553.44",913.4198,584.0803,219.1906
137,D48ds v4,48,192 GiB,"1,800 GiB","2,330.1600","1,370.1662",876.1387,328.7855
138,D64ds v4,64,256 GiB,"2,400 GiB","3,106.88","1,826.8323","1,168.1971",438.3811
139,D2 v4,2,8 GiB,N/A,81.76,48.0851,30.7476,11.3399
140,D4 v4,4,16 GiB,N/A,163.52,96.1702,61.4733,22.6804
141,D8 v4,8,32 GiB,N/A,327.04,192.3331,122.9758,45.3608
142,D16 v4,16,64 GiB,N/A,654.08,384.5859,245.9443,90.7208
143,D32 v4,32,128 GiB,N/A,"1,308.16",769.1645,491.8594,181.4415
144,D48 v4,48,192 GiB,N/A,"1,962.24","1,153.8307",737.8037,272.1630
145,D64 v4,64,256 GiB,N/A,"2,616.32","1,538.4166",983.7480,362.8838
146,D2s v4,2,8 GiB,N/A,81.76,48.0851,30.7476,11.3399
147,D4s v4,4,16 GiB,N/A,163.52,96.1702,61.4733,22.6804
148,D8s v4,8,32 GiB,N/A,327.04,192.3331,122.9758,45.3608
149,D16s v4,16,64 GiB,N/A,654.08,384.5859,245.9443,90.7208
150,D32s v4,32,128 GiB,N/A,"1,308.16",769.1645,491.8594,181.4415
151,D48s v4,48,192 GiB,N/A,"1,962.24","1,153.8307",737.8037,272.1630
152,D64s v4,64,256 GiB,N/A,"2,616.32","1,538.4166",983.7480,362.8838
153,D2 v3,2,8 GiB,50 GiB,85.4100,57.9182,37.0548,12.0516
154,D4 v3,4,16 GiB,100 GiB,170.8200,115.9167,74.1096,24.1025
155,D8 v3,8,32 GiB,200 GiB,341.6400,231.7531,148.2192,48.2056
156,D16 v3,16,64 GiB,400 GiB,683.2800,463.5865,296.4457,96.4111
157,D32 v3,32,128 GiB,800 GiB,"1,366.5600",927.1657,592.8914,192.8215
158,D48 v3,48,192 GiB,"1,200 GiB","2,049.8400","1,181.9138",768.6973,289.2326
159,D64 v3,64,256 GiB,"1,600 GiB","2,733.1200","1,854.3314","1,185.7755",385.6430
160,D2s v3,2,8 GiB,16 GiB,85.4100,57.9182,37.0548,12.0516
161,D4s v3,4,16 GiB,32 GiB,170.8200,115.9167,74.1096,24.1025
162,D8s v3,8,32 GiB,64 GiB,341.6400,231.7531,148.2192,48.2056
163,D16s v3,16,64 GiB,128 GiB,683.2800,463.5865,296.4457,96.4111
164,D32s v3,32,128 GiB,256 GiB,"1,366.5600",927.1657,592.8914,192.8215
165,D48s v3,48,192 GiB,384 GiB,"2,049.8400","1,181.9138",768.6973,289.2326
166,D64s v3,64,256 GiB,512 GiB,"2,733.1200","1,854.3314","1,185.7755",385.6430
167,DC1s v3,1,8 GiB,N/A,91.25,Blank,Blank,36.50
168,DC2s v3,2,16 GiB,N/A,182.50,Blank,Blank,73
169,DC4s v3,4,32 GiB,N/A,364.27,Blank,Blank,145.708
170,DC8s v3,8,64 GiB,N/A,728.54,Blank,Blank,291.416
171,DC16s v3,16,128 GiB,N/A,"1,457.8100",Blank,Blank,583.124
172,DC24s v3,24,192 GiB,N/A,"2,186.35",Blank,Blank,874.54
173,DC32s v3,32,256 GiB,N/A,"2,915.6200",Blank,Blank,"1,166.248"
174,DC48s v3,48,384 GiB,N/A,"4,372.70",Blank,Blank,"1,749.08"
175,DC1ds v3,1,8 GiB,75 GiB,107.3100,Blank,Blank,42.924
176,DC2ds v3,2,16 GiB,150 GiB,214.6200,Blank,Blank,85.848
177,DC4ds v3,4,32 GiB,300 GiB,429.2400,Blank,Blank,171.696
178,DC8ds v3,8,64 GiB,600 GiB,857.75,Blank,Blank,343.1000
179,DC16ds v3,16,128 GiB,"1,200 GiB","1,715.50",Blank,Blank,686.2000
180,DC24ds v3,24,192 GiB,"1,800 GiB","2,573.98",Blank,Blank,"1,029.592"
181,DC32ds v3,32,256 GiB,"2,400 GiB","3,431.7300",Blank,Blank,"1,372.692"
182,DC48ds v3,48,384 GiB,"2,400 GiB","5,147.2300",Blank,Blank,"2,058.892"
183,D1 v2,1,3.5 GiB,50 GiB,51.10,31.0834,19.8925,7.2103
184,D2 v2,2,7 GiB,100 GiB,102.20,62.2471,39.8069,14.4205
185,D3 v2,4,14 GiB,200 GiB,203.6700,125.1658,80.2781,28.7380
186,D4 v2,8,28 GiB,400 GiB,408.0700,249.6673,159.1911,57.5788
187,D5 v2,16,56 GiB,800 GiB,815.41,499.3346,319.0830,115.0546
188,DS1 v2,1,3.5 GiB,7 GiB,51.10,31.0834,19.8925,7.2103
189,DS2 v2,2,7 GiB,14 GiB,102.20,62.2471,39.8069,14.4205
190,DS3 v2,4,14 GiB,28 GiB,203.6700,125.1658,80.2781,28.7380
191,DS4 v2,8,28 GiB,56 GiB,408.0700,249.6673,159.1911,57.5788
192,DS5 v2,16,56 GiB,112 GiB,815.41,499.3346,319.0830,115.0546
193,DC1s v2,1,4 GiB,50 GiB,91.25,72.9197,68.3353,9.125
194,DC2s v2,2,8 GiB,100 GiB,182.50,145.7518,136.6633,18.25
195,DC4s v2,4,16 GiB,200 GiB,364.27,291.5036,273.3047,36.427
196,DC8 v2,8,32 GiB,400 GiB,728.54,583.0802,546.6094,72.854
197,F2s v2,2,4 GiB,16 GiB,77.38,45.5009,27.9152,8.3184
198,F4s v2,4,8 GiB,32 GiB,154.76,91.0018,55.8304,16.6367
199,F8s v2,8,16 GiB,64 GiB,309.52,182.0036,111.6681,33.2734
200,F16s v2,16,32 GiB,128 GiB,619.04,363.9999,223.3581,66.5468
201,F32s v2,32,64 GiB,256 GiB,"1,238.08",727.9998,446.7235,133.0936
202,F48s v2,48,96 GiB,384 GiB,"1,857.1200","1,091.9997",670.0816,199.6404
203,F64s v2,64,128 GiB,512 GiB,"2,476.16","1,455.9996",893.4178,266.1872
204,F72s v2,72,144 GiB,576 GiB,"2,785.68","1,638.0032","1,005.1078",299.4606
205,F1,1,2 GiB,16 GiB,45.26,27.9152,18.9727,7.1876
206,F2,2,4 GiB,32 GiB,90.52,55.918,37.9454,14.3745
207,F4,4,8 GiB,64 GiB,181.77,112.5806,75.2192,28.8650
208,F8,8,16 GiB,128 GiB,363.54,224.4969,150.4457,57.7299
209,F16,16,32 GiB,256 GiB,727.08,449.0011,300.9425,115.4605
210,F1s,1,2 GiB,4 GiB,45.26,27.9152,18.9727,7.1876
211,F2s,2,4 GiB,8 GiB,90.52,55.918,37.9454,14.3745
212,F4s,4,8 GiB,16 GiB,181.77,112.5806,75.2192,28.8650
213,F8s,8,16 GiB,32 GiB,363.54,224.4969,150.4457,57.7299
214,F16s,16,32 GiB,64 GiB,727.08,449.0011,300.9425,115.4605
215,FX4mds,4,84 GiB,168 GiB,N/A,N/A,N/A,N/A
216,FX12mds,12,252 GiB,504 GiB,N/A,N/A,N/A,N/A
217,FX24mds,24,504 GiB,"1,008 GiB",N/A,N/A,N/A,N/A
218,FX36mds,36,756 GiB,"1,512 GiB",N/A,N/A,N/A,N/A
219,FX48mds,48,"1,008 GiB","2,016 GiB",N/A,N/A,N/A,N/A
220,E2as v5,2,16 GiB,N/A,91.98,54.2536,34.9451,18.8377
221,E4as v5,4,32 GiB,N/A,183.96,108.4999,69.9194,37.6753
222,E8as v5,8,64 GiB,N/A,367.92,217.0801,139.8023,75.3499
223,E16as v5,16,128 GiB,N/A,735.84,434.1675,279.6119,150.6998
224,E20as v5,20,160 GiB,N/A,919.80,542.6674,349.5313,188.3751
225,E32as v5,32,256 GiB,N/A,"1,471.68",868.2474,559.253,301.4003
226,E48as v5,48,384 GiB,N/A,"2,207.52","1,302.4149",838.8576,452.1000
227,E64as v5,64,512 GiB,N/A,"2,943.36","1,736.5824","1,118.4695",602.8005
228,E96as v5,96,672 GiB,N/A,"4,415.04","2,604.8298","1,677.7225",904.1999
229,E2ads v5,2,16 GiB,75 GiB,108.0400,63.7509,41.0552,22.1263
230,E4ads v5,4,32 GiB,150 GiB,216.0800,127.5018,82.1104,44.2534
231,E8ads v5,8,64 GiB,300 GiB,432.1600,255.0036,164.2208,88.5067
232,E16ads v5,16,128 GiB,600 GiB,864.3200,509.9196,328.4416,177.0126
233,E20ads v5,20,160 GiB,750 GiB,"1,080.40",637.4141,410.552,221.2660
234,E32ads v5,32,256 GiB,"1,200 GiB","1,728.6400","1,019.9195",656.8905,354.0252
235,E48ads v5,48,384 GiB,"1,800 GiB","2,592.96","1,529.8318",985.3321,531.0385
236,E64ads v5,64,512 GiB,"2,400 GiB","3,457.2800","2,039.8317","1,313.781",708.0511
237,E96ads v5,96,672 GiB,"3,600 GiB","5,185.92","3,059.6636","1,970.6423","1,062.0763"
238,E2a v4,2,16 GiB,50 GiB,102.20,60.0863,38.4199,10.9865
239,E4a v4,4,32 GiB,100 GiB,204.40,120.1653,76.8617,21.973
240,E8a v4,8,64 GiB,200 GiB,408.80,240.3306,153.7234,43.946
241,E16a v4,16,128 GiB,400 GiB,817.60,480.7488,307.4176,87.892
242,E20a v4,20,160 GiB,500 GiB,"1,022.0000",600.8338,384.3085,109.865
243,E32a v4,32,256 GiB,800 GiB,"1,635.20",961.4976,614.8352,175.784
244,E48a v4,48,384 GiB,"1,200 GiB","2,452.8000","1,442.2464",922.2528,263.676
245,E64a v4,64,512 GiB,"1,600 GiB","3,270.40","1,923.0025","1,229.6631",351.568
246,E96a v4,96,672 GiB,"2,400 GiB","4,905.6000","2,884.5001","1,844.4983",527.352
247,E2as v4,2,16 GiB,32 GiB,102.20,60.0863,38.4199,10.9865
248,E4as v4,4,32 GiB,64 GiB,204.40,120.1653,76.8617,21.973
249,E8as v4,8,64 GiB,128 GiB,408.80,240.3306,153.7234,43.946
250,E16as v4,16,128 GiB,256 GiB,817.60,480.7488,307.4176,87.892
251,E20as v4,20,160 GiB,320 GiB,"1,022.0000",600.8338,384.3085,109.865
252,E32as v4,32,256 GiB,512 GiB,"1,635.20",961.4976,614.8352,175.784
253,E48as v4,48,384 GiB,768 GiB,"2,452.8000","1,442.2464",922.2528,263.676
254,E64as v4,64,512 GiB,"1,024 GiB","3,270.40","1,923.0025","1,229.6631",351.568
255,E96as v4,96,672 GiB,"1,344 GiB","4,905.6000","2,884.5001","1,844.4983",527.352
256,E2ps v5,2,16 GiB,N/A,N/A,Blank,Blank,N/A
257,E4ps v5,4,32 GiB,N/A,N/A,Blank,Blank,N/A
258,E8ps v5,8,64 GiB,N/A,N/A,Blank,Blank,N/A
259,E16ps v5,16,128 GiB,N/A,N/A,Blank,Blank,N/A
260,E20ps v5,20,160 GiB,N/A,N/A,Blank,Blank,N/A
261,E32ps v5,32,208 GiB,N/A,N/A,Blank,Blank,N/A
262,E2pds v5,2,16 GiB,75 GiB,N/A,Blank,Blank,N/A
263,E4pds v5,4,32 GiB,150 GiB,N/A,Blank,Blank,N/A
264,E8pds v5,8,64 GiB,300 GiB,N/A,Blank,Blank,N/A
265,E16pds v5,16,128 GiB,600 GiB,N/A,Blank,Blank,N/A
266,E20pds v5,20,160 GiB,750 GiB,N/A,Blank,Blank,N/A
267,E32pds v5,32,208 GiB,"1,200 GiB",N/A,Blank,Blank,N/A
268,E2d v5,2,16 GiB,75 GiB,118.26,69.7515,44.9461,19.3713
269,E4d v5,4,32 GiB,150 GiB,236.52,139.5833,89.8922,38.7419
270,E8d v5,8,64 GiB,300 GiB,473.04,279.0863,179.7479,77.4837
271,E16d v5,16,128 GiB,600 GiB,946.08,558.1653,359.5031,154.9681
272,E20d v5,20,160 GiB,750 GiB,"1,182.6000",697.7486,449.3880,193.7099
273,E32d v5,32,256 GiB,"1,200 GiB","1,892.16","1,116.3306",719.0281,309.9361
274,E48d v5,48,384 GiB,"1,800 GiB","2,838.24","1,674.5835","1,078.5312",464.9035
275,E64d v5,64,512 GiB,"2,400 GiB","3,784.32","2,232.7488","1,438.027",619.8715
276,E96d v5,96,672 GiB,"3,600 GiB","5,676.48","3,349.0867","2,157.0551",929.8076
277,E104id v5,104,672 GiB,"3,900 GiB","6,764.18","3,990.9976","2,570.4979","1,107.9729"
278,E2ds v5,2,16 GiB,75 GiB,118.26,69.7515,44.9461,19.3713
279,E4ds v5,4,32 GiB,150 GiB,236.52,139.5833,89.8922,38.7419
280,E8ds v5,8,64 GiB,300 GiB,473.04,279.0863,179.7479,77.4837
281,E16ds v5,16,128 GiB,600 GiB,946.08,558.1653,359.5031,154.9681
282,E20ds v5,20,160 GiB,750 GiB,"1,182.6000",697.7486,449.3880,193.7099
283,E32ds v5,32,256 GiB,"1,200 GiB","1,892.16","1,116.3306",719.0281,309.9361
284,E48ds v5,48,384 GiB,"1,800 GiB","2,838.24","1,674.5835","1,078.5312",464.9035
285,E64ds v5,64,512 GiB,"2,400 GiB","3,784.32","2,232.7488","1,438.027",619.8715
286,E96ds v5,96,672 GiB,"3,600 GiB","5,676.48","3,349.0867","2,157.0551",929.8076
287,E104ids v5,104,672 GiB,"3,900 GiB","6,764.18","3,990.9976","2,570.4979","1,107.9729"
288,E2 v5,2,16 GiB,N/A,102.20,60.3345,38.836,16.7404
289,E4 v5,4,32 GiB,N/A,204.40,120.5814,77.6647,33.4808
290,E8 v5,8,64 GiB,N/A,408.80,241.1701,155.3367,66.9615
291,E16 v5,16,128 GiB,N/A,817.60,482.4132,310.6953,133.9229
292,E20 v5,20,160 GiB,N/A,"1,022.0000",603.0019,388.36,167.4036
293,E32 v5,32,256 GiB,N/A,"1,635.20",964.7534,621.3906,267.8458
294,E48 v5,48,384 GiB,N/A,"2,452.8000","1,447.1666",932.0567,401.7687
295,E64 v5,64,512 GiB,N/A,"3,270.40","1,929.4995","1,242.752",535.6916
296,E96 v5,96,672 GiB,"3,600 GiB","4,905.6000","2,894.3332","1,864.1353",803.5373
297,E104i v5,104,672 GiB,N/A,"5,845.8400","3,449.0821","2,221.4192",957.5483
298,E2s v5,2,16 GiB,N/A,102.20,60.3345,38.836,16.7404
299,E4s v5,4,32 GiB,N/A,204.40,120.5814,77.6647,33.4808
300,E8s v5,8,64 GiB,N/A,408.80,241.1701,155.3367,66.9615
301,E16s v5,16,128 GiB,N/A,817.60,482.4132,310.6953,133.9229
302,E20s v5,20,160 GiB,N/A,"1,022.0000",603.0019,388.36,167.4036
303,E32s v5,32,256 GiB,N/A,"1,635.20",964.7534,621.3906,267.8458
304,E48s v5,48,384 GiB,N/A,"2,452.8000","1,447.1666",932.0567,401.7687
305,E64s v5,64,512 GiB,N/A,"3,270.40","1,929.4995","1,242.752",535.6916
306,E96s v5,96,672 GiB,N/A,"4,905.6000","2,894.3332","1,864.1353",803.5373
307,E104is v5,104,672 GiB,N/A,"5,845.8400","3,449.0821","2,221.4192",957.5483
308,E2bds v5,2,16 GiB,75 GiB,137.97,81.4169,52.414,55.188
309,E4bds v5,4,32 GiB,150 GiB,275.94,162.8338,104.8645,110.376
310,E8bds v5,8,64 GiB,300 GiB,551.88,325.58,209.7217,220.752
311,E16bds v5,16,128 GiB,600 GiB,"1,103.76",651.2476,419.4142,441.504
312,E32bds v5,32,256 GiB,"1,200 GiB","2,207.52","1,302.4149",838.8576,883.008
313,E48bds v5,48,384 GiB,"1,800 GiB","3,311.2800","1,953.6698","1,258.2791","1,324.512"
314,E64bds v5,64,512 GiB,"2,400 GiB","4,415.04","2,604.8298","1,677.7225","1,766.016"
315,E2bs v5,2,16 GiB,N/A,121.9100,71.9196,42.6685,48.7640
316,E4bs v5,4,32 GiB,N/A,243.8200,143.8319,85.3297,97.5280
317,E8bs v5,8,64 GiB,N/A,487.6400,287.6638,170.6667,195.0560
318,E16bs v5,16,128 GiB,N/A,975.2800,575.4152,341.3626,390.1120
319,E32bs v5,32,256 GiB,N/A,"1,950.5600","1,150.8304",682.696,780.2240
320,E48bs v5,48,384 GiB,N/A,"2,925.84","1,726.2529","1,024.0586","1,170.336"
321,E64bs v5,64,512 GiB,N/A,"3,901.1200","2,301.6681","1,365.392","1,560.4480"
322,E2d v4,2,16 GiB,75 GiB,118.26,69.5033,44.4716,15.1490
323,E4d v4,4,32 GiB,150 GiB,236.52,139.0869,88.9432,30.2980
324,E8d v4,8,64 GiB,300 GiB,473.04,278.1665,177.8645,60.5966
325,E16d v4,16,128 GiB,600 GiB,946.08,556.333,355.7217,121.1932
326,E20d v4,20,160 GiB,750 GiB,"1,182.6000",695.4199,444.7233,151.4911
327,E32d v4,32,256 GiB,"1,200 GiB","1,892.16","1,112.5857",711.4434,242.3856
328,E48d v4,48,384 GiB,"1,800 GiB","2,838.24","1,668.9187","1,067.1651",363.5787
329,E64d v4,64,504 GiB,"2,400 GiB","3,784.32","2,225.1641","1,422.916",484.7711
330,E2ds v4,2,16 GiB,75 GiB,118.26,69.5033,44.4716,15.1490
331,E4ds v4,4,32 GiB,150 GiB,236.52,139.0869,88.9432,30.2980
332,E8ds v4,8,64 GiB,300 GiB,473.04,278.1665,177.8645,60.5966
333,E16ds v4,16,128 GiB,600 GiB,946.08,556.333,355.7217,121.1932
334,E20ds v4,20,160 GiB,750 GiB,"1,182.6000",695.4199,444.7233,151.4911
335,E32ds v4,32,256 GiB,"1,200 GiB","1,892.16","1,112.5857",711.4434,242.3856
336,E48ds v4,48,384 GiB,"1,800 GiB","2,838.24","1,668.9187","1,067.1651",363.5787
337,E64ds v4,64,504 GiB,"2,400 GiB","3,784.32","2,225.1641","1,422.916",484.7711
338,"E80ids v4
                                                1",80,504 GiB,"2,400 GiB","4,730.4000","2,781.665","1,778.8859",605.9643
339,EC2ads v5,2,16 GiB,75 GiB,197.1000,Blank,Blank,78.84
340,EC4ads v5,4,32 GiB,150 GiB,394.2000,Blank,Blank,157.68
341,EC8ads v5,8,64 GiB,300 GiB,789.13,Blank,Blank,315.652
342,EC16ads v5,16,128 GiB,600 GiB,"1,577.53",Blank,Blank,631.012
343,EC20ads v5,20,160 GiB,750 GiB,"1,971.73",Blank,Blank,788.692
344,EC32ads v5,32,192 GiB,"1,200 GiB","3,155.06",Blank,Blank,"1,262.024"
345,EC48ads v5,48,384 GiB,"1,800 GiB","4,732.59",Blank,Blank,"1,893.036"
346,EC64ads v5,64,512 GiB,"2,400 GiB","6,310.12",Blank,Blank,"2,524.048"
347,EC96ads v5,96,672 GiB,"2,400 GiB","9,465.91",Blank,Blank,"3,786.364"
348,EC96iads v5,96,672 GiB,"2,400 GiB","10,411.99",Blank,Blank,"4,164.7960"
349,EC2as v5,2,16 GiB,N/A,167.1700,Blank,Blank,66.868
350,EC4as v5,4,32 GiB,N/A,334.3400,Blank,Blank,133.736
351,EC8as v5,8,64 GiB,N/A,668.6800,Blank,Blank,267.472
352,EC16as v5,16,128 GiB,N/A,"1,337.3600",Blank,Blank,534.944
353,EC20as v5,20,160 GiB,N/A,"1,672.4300",Blank,Blank,668.972
354,EC32as v5,32,192 GiB,N/A,"2,675.45",Blank,Blank,"1,070.18"
355,EC48as v5,48,384 GiB,N/A,"4,012.81",Blank,Blank,"1,605.1240"
356,EC64as v5,64,512 GiB,N/A,"5,350.90",Blank,Blank,"2,140.36"
357,EC96as v5,96,672 GiB,N/A,"8,026.3500",Blank,Blank,"3,210.54"
358,EC96ias v5,96,672 GiB,N/A,"8,828.6200",Blank,Blank,"3,531.448"
359,E2 v4,2,16 GiB,N/A,102.20,60.0863,38.4199,13.0919
360,E4 v4,4,32 GiB,N/A,204.40,120.1653,76.8617,26.1837
361,E8 v4,8,64 GiB,N/A,408.80,240.3306,153.7234,52.3673
362,E16 v4,16,128 GiB,N/A,817.60,480.7488,307.4176,104.7346
363,E32 v4,32,256 GiB,N/A,"1,635.20",961.4976,614.8352,209.4692
364,E48 v4,48,384 GiB,N/A,"2,452.8000","1,442.2464",922.2528,314.2037
365,E64 v4,64,504 GiB,N/A,"3,270.40","1,923.0025","1,229.6631",418.9383
366,E2s v4,2,16 GiB,N/A,102.20,60.0863,38.4199,13.0919
367,E4s v4,4,32 GiB,N/A,204.40,120.1653,76.8617,26.1837
368,E8s v4,8,64 GiB,N/A,408.80,240.3306,153.7234,52.3673
369,E16s v4,16,128 GiB,N/A,817.60,480.7488,307.4176,104.7346
370,E20s v4,20,160 GiB,N/A,"1,022.0000",600.8338,384.3085,130.9182
371,E32s v4,32,256 GiB,N/A,"1,635.20",961.4976,614.8352,209.4692
372,E48s v4,48,384 GiB,N/A,"2,452.8000","1,442.2464",922.2528,314.2037
373,E64s v4,64,504 GiB,N/A,"3,270.40","1,923.0025","1,229.6631",418.9383
374,"E80is v4
                                                1",80,504 GiB,"2,400 GiB","4,087.27","2,403.3352","1,537.2194",523.5794
375,E2 v3,2,16 GiB,50 GiB,108.0400,63.583,40.6683,15.2446
376,E4 v3,4,32 GiB,100 GiB,216.0800,127.2536,81.3585,30.4892
377,E8 v3,8,64 GiB,200 GiB,408.80,254.4196,162.7243,57.6817
378,E16 v3,16,128 GiB,400 GiB,817.60,508.9195,325.4194,115.3634
379,E20 v3,20,160 GiB,500 GiB,"1,080.40",600.9141,403.4418,152.4445
380,E32 v3,32,256 GiB,800 GiB,"1,635.20","1,017.8317",650.8315,230.7268
381,E48 v3,48,384 GiB,"1,200 GiB","2,452.8000","1,442.0858",968.2793,346.0901
382,"E64i v3
                                                1",64,432 GiB,"1,600 GiB","2,943.36","1,877.6695","1,161.9191",415.3080
383,E64 v3,64,432 GiB,"1,600 GiB","2,943.36","1,918.586","1,226.8307",415.3080
384,E2s v3,2,16 GiB,32 GiB,108.0400,63.583,40.6683,15.2446
385,E4s v3,4,32 GiB,64 GiB,216.0800,127.2536,81.3585,30.4892
386,E8s v3,8,64 GiB,128 GiB,408.80,254.4196,162.7243,57.6817
387,E16s v3,16,128 GiB,256 GiB,817.60,508.9195,325.4194,115.3634
388,E20s v3,20,160 GiB,320 GiB,"1,080.40",600.9141,403.4418,152.4445
389,E32s v3,32,256 GiB,512 GiB,"1,635.20","1,017.8317",650.8315,230.7268
390,E48s v3,48,384 GiB,768 GiB,"2,452.8000","1,442.0858",968.2793,346.0901
391,"E64is v3
                                                1",64,432 GiB,864 GiB,"2,943.36","1,877.6695","1,161.9191",415.3080
392,E64s v3,64,432 GiB,864 GiB,"2,943.36","1,918.586","1,226.8307",415.3080
393,D11 v2,2,14 GiB,100 GiB,135.05,83.3368,55.1953,19.0560
394,D12 v2,4,28 GiB,200 GiB,270.10,166.6663,110.4198,38.1112
395,D13 v2,8,56 GiB,400 GiB,540.93,333.3326,220.8615,76.3252
396,D14 v2,16,112 GiB,800 GiB,"1,081.86",666.6652,441.7230,152.6503
397,"D15i v2
                                                1",20,140 GiB,"1,000 GiB","1,351.96",N/A,N/A,190.7615
398,D15 v2,20,140 GiB,"1,000 GiB","1,351.96",833.3315,552.1355,190.7615
399,DS11 v2,2,14 GiB,28 GiB,135.05,83.3368,55.1953,19.0560
400,DS12 v2,4,28 GiB,56 GiB,270.10,166.6663,110.4198,38.1112
401,DS13 v2,8,56 GiB,112 GiB,540.93,333.3326,220.8615,76.3252
402,DS14 v2,16,112 GiB,224 GiB,"1,081.86",666.6652,441.7230,152.6503
403,DS15i v2,20,140 GiB,280 GiB,"1,351.96",N/A,N/A,190.7615
404,DS15 v2,20,140 GiB,280 GiB,"1,351.96",833.3315,552.1355,190.7615
405,G1,2,28 GiB,384 GiB,445.30,Blank,Blank,44.53
406,G2,4,56 GiB,768 GiB,890.60,Blank,Blank,89.06
407,G3,8,112 GiB,"1,536 GiB","1,781.20",Blank,Blank,178.12
408,G4,16,224 GiB,"3,072 GiB","3,562.40",Blank,Blank,356.24
409,G5,32,448 GiB,"6,144 GiB","6,343.70",Blank,Blank,634.37
410,Gs1,2,28 GiB,56 GiB,445.30,Blank,Blank,44.53
411,Gs2,4,56 GiB,112 GiB,890.60,Blank,Blank,89.06
412,Gs3,8,112 GiB,224 GiB,"1,781.20",Blank,Blank,178.12
413,Gs4,16,224 GiB,448 GiB,"3,562.40",Blank,Blank,356.24
414,Gs5,32,448 GiB,896 GiB,"6,343.70",Blank,Blank,634.37
415,M8ms,8,218.75 GiB,256 GiB,"1,457.8100",838.4999,407.9459,145.781
416,M16ms,16,437.5 GiB,512 GiB,"2,916.35","1,677.0801",815.8626,291.635
417,M32ts,32,192 GiB,"1,024 GiB","2,201.68","1,266.331",616.0251,220.1680
418,M32ls,32,256 GiB,"1,024 GiB","2,336.73","1,343.9154",653.8026,233.673
419,M32ms,32,875 GiB,"1,024 GiB","5,832.70","3,354.1675","1,631.7471",583.27
420,M64ls,64,512 GiB,"2,048 GiB","4,674.19","2,687.9184","1,307.6417",467.419
421,M64s,64,"1,024 GiB","2,048 GiB","6,329.10","3,639.5829","1,770.6077",632.91
422,"M64
                                                1",64,"1,024 GiB","7,168 GiB","6,329.10","3,639.5829","1,770.6077",632.91
423,M64ms,64,"1,750 GiB","2,048 GiB","12,663.3100","7,282.334","3,542.8068","1,266.331"
424,"M64m
                                                1",64,"1,750 GiB","7,168 GiB","12,663.3100","7,282.334","3,542.8068","1,266.331"
425,M128s,128,"2,000 GiB","4,096 GiB","12,657.47","7,279.0855","3,541.1935","1,265.747"
426,"M128
                                                1",128,"2,000 GiB","14,336 GiB","12,657.47","7,279.0855","3,541.1935","1,265.747"
427,M128ms,128,"3,800 GiB","4,096 GiB","25,326.6200","14,564.7483","7,085.5844","2,532.662"
428,"M128m
                                                1",128,"3,800 GiB","14,336 GiB","25,326.6200","14,564.7483","7,085.5844","2,532.662"
429,M32dms v2,32,875 GiB,"1,024 GiB","5,832.70","3,392.2516","1,637.7769","2,333.08"
430,M64ds v2,64,"1,024 GiB","2,048 GiB","6,329.10","3,680.8352","1,777.1412","2,531.64"
431,M64dms v2,64,"1,792 GiB","2,048 GiB","9,812.66","5,707.0816","2,755.4142","3,925.0640"
432,M128ds v2,128,"2,048 GiB","4,096 GiB","12,659.66","7,362.9187","3,554.8299","5,063.864"
433,M128dms v2,128,"3,892 GiB","4,096 GiB","25,328.81","14,731.2467","7,112.3316","10,131.524"
434,M192ids v2,192,"2,048 GiB","4,096 GiB","15,213.93","8,848.5855","4,272.1425","6,085.5720"
435,M192idms v2,192,"4,096 GiB","4,096 GiB","30,428.59","17,697.2513","8,544.3361","12,171.4360"
436,M32ms v2,32,875 GiB,N/A,"5,732.69","3,334.1655","1,609.7522",573.269
437,M64s v2,64,"1,024 GiB",N/A,"6,129.0800","3,564.7506","1,721.0845",612.908
438,M64ms v2,64,"1,792 GiB",N/A,"9,612.64","5,590.9167","2,699.3356",961.264
439,M128s v2,128,"2,048 GiB",N/A,"12,260.35","7,130.5816","3,442.6946","1,226.035"
440,M128ms v2,128,"3,892 GiB",N/A,"24,929.50","14,498.9972","7,000.1963","2,492.95"
441,M192is v2,192,"2,048 GiB",N/A,"14,814.62","8,616.4163","4,160.0583","1,481.462"
442,M192ims v2,192,"4,096 GiB",N/A,"30,029.2800","17,464.9142","8,432.1935","3,002.928"
443,M208s v2,208,"2,850 GiB","4,096 GiB","21,172.19","12,313.5013","5,944.4411","2,117.219"
444,M208ms v2,208,"5,700 GiB","4,096 GiB","42,344.38","24,627.0026","11,888.9187","4,234.438"
445,M416s v2,416,"5,700 GiB","8,192 GiB","47,051.42","27,364.5829","13,210.4742","4,705.142"
446,M416ms v2,416,"11,400 GiB","8,192 GiB","94,097","54,723.6689","26,418.3058","9,409.70"
447,S96,96,768 GB,"3,072 GiB",Blank,"2,978.9986","1,511.9979",Blank
448,S192,192,"2,048 GB","8,192 GiB",Blank,"7,757.0019","3,938.9997",Blank
449,S192m,192,"4,096 GB","16,384 GiB",Blank,"15,016.9979","7,626.0034",Blank
450,S192xm,192,"6,144 GB","16,384 GiB",Blank,"22,525.9969","11,437.9977",Blank
451,S384,384,"4,096 GB","16,384 GiB",Blank,N/A,"13,050.7794",Blank
452,S384m,384,"6,144 GB","18,432 GiB",Blank,N/A,"14,500.8587",Blank
453,S384xm,384,"8,192 GB","22,528 GiB",Blank,N/A,"18,699.2493",Blank
454,S384xxm,384,"12,000 GB","28,250 GiB",Blank,N/A,"24,353.7782",Blank
455,S576m,576,"12,000 GB","28,250 GiB",Blank,N/A,"27,059.7495",Blank
456,S32m,32,"1,536 GB","1,536 GB",0 GB,N/A,Blank,"8,649.0035"
457,S64m,64,"3,072 GB","3,072 GB",0 GB,N/A,Blank,"17,295.1673"
458,S224,224,"3,072 GB","3,072 GB",0 GB,"6,125 GiB",Blank,"19,576.1691"
459,S224oo,224,"4,608 GB","1,536 GB","3,072 GB","8,187 GiB",Blank,"19,967.6681"
460,S224m,224,"6,144 GB","6,144 GB",0 GB,"10,250 GiB",Blank,"29,001.7466"
461,S224om,224,"6,144 GB","3,072 GB","3,072 GB","10,250 GiB",Blank,"22,186.3352"
462,S224ooo,224,"7,680 GB","1,536 GB","6,144 GB","12,312 GiB",Blank,"25,331.6643"
463,S224oom,224,"9,216 GB","3,072 GB","6,144 GB","14,375 GiB",Blank,"30,398.003"
464,S448,448,"6,144 GB","6,144 GB",0 GB,"10,250 GiB",Blank,"39,152.3309"
465,S448oo,448,"9,216 GB","3,072 GB","6,144 GB","14,375 GiB",Blank,"39,935.4165"
466,S448m,448,"12,288 GB","12,288 GB",0 GB,"18,500 GiB",Blank,"58,003.4202"
467,S448om,448,"12,288 GB","6,144 GB","6,144 GB","18,500 GiB",Blank,"44,372.5828"
468,S448ooo,448,"15,360 GB","3,840 GB","11,520 GB","22,625 GiB",Blank,"50,663.3359"
469,S448oom,448,"18,432 GB","6,144 GB","12,288 GB","26,750 GiB",Blank,"60,795.9987"
470,S672,672,"9,216 GB","9,216 GB",0 GB,"14,375 GiB",Blank,"58,728.50"
471,S672oo,672,"13,824 GB","4,608 GB","9,216 GB","20,563 GiB",Blank,"59,903.0846"
472,S672m,672,"18,432 GB","18,432 GB",0 GB,"26,750 GiB",Blank,"87,005.1668"
473,S672om,672,"18,432 GB","9,216 GB","9,216 GB","26,750 GiB",Blank,"66,558.9983"
474,S672ooo,672,"23,040 GB","5,760 GB","17,280 GB","32,938 GiB",Blank,"75,995.0002"
475,S672oom,672,"27,648 GB","9,216 GB","18,432 GB","39,125 GiB",Blank,"91,193.9141"
476,S896,896,"12,288 GB","12,288 GB",0 GB,"18,500 GiB",Blank,"86,135.1674"
477,S896oo,896,"18,432 GB","6,144 GB","12,288 GB","26,750 GiB",Blank,"87,857.836"
478,S896m,896,"24,576 GB","24,576 GB",0 GB,"35,000 GiB",Blank,"127,607.5843"
479,S896om,896,"24,576 GB","12,288 GB","12,288 GB","35,000 GiB",Blank,"97,619.8340"
480,S896ooo,896,"30,720 GB","7,680 GB","23,040 GB","43,250 GiB",Blank,"111,459.3346"
481,S896oom,896,"36,864 GB","12,288 GB","24,576 GB","51,500 GiB",Blank,"133,751.0818"
482,DS11-1 v2,1 / 2,14 GB,28 GiB,135.05,83.3368,55.1953,19.0560
483,DS12-1 v2,1 / 4,28 GB,56 GiB,270.10,166.6663,110.4198,38.1112
484,DS12-2 v2,2 / 4,28 GB,56 GiB,270.10,166.6663,110.4198,38.1112
485,E4-2ads v5,2 / 4,32 GB,150 GiB,216.0800,127.5018,82.1104,44.2534
486,E4-2as v4,2 / 4,32 GB,100 GiB,204.40,120.1653,76.8617,21.973
487,E4-2as v5,2 / 4,32 GB,N/A,183.96,108.4999,69.9194,37.6753
488,E4-2ds v4,2 / 4,32 GB,150 GiB,236.52,139.0869,88.9432,30.2980
489,E4-2ds v5,2 / 4,32 GB,150 GiB,236.52,139.5833,89.8922,38.7419
490,E4-2s v3,2 / 4,32 GB,64 GiB,216.0800,127.2536,81.3585,30.4892
491,E4-2s v4,2 / 4,32 GB,N/A,204.40,120.1653,76.8617,26.1837
492,E4-2s v5,2 / 4,32 GB,N/A,204.40,120.5814,77.6647,33.4808
493,DS13-2 v2,2 / 8,56 GB,112 GiB,540.93,333.3326,220.8615,76.3252
494,E8-2ads v5,2 / 8,64 GB,300 GiB,432.1600,255.0036,164.2208,88.5067
495,E8-2as v4,2 / 8,64 GB,200 GiB,408.80,240.3306,153.7234,43.946
496,E8-2as v5,2 / 8,64 GB,N/A,367.92,217.0801,139.8023,75.3499
497,E8-2ds v4,2 / 8,64 GB,300 GiB,473.04,278.1665,177.8645,60.5966
498,E8-2ds v5,2 / 8,64 GB,300 GiB,473.04,279.0863,179.7479,77.4837
499,E8-2s v3,2 / 8,64 GB,128 GiB,408.80,254.4196,162.7243,57.6817
500,E8-2s v4,2 / 8,64 GB,N/A,408.80,240.3306,153.7234,52.3673
501,E8-2s v5,2 / 8,64 GB,N/A,408.80,241.1701,155.3367,66.9615
502,M8-2ms,2 / 8,218.75 GB,256 GiB,"1,457.8100",838.4999,407.9459,145.781
503,DS13-4 v2,4 / 8,56 GB,112 GiB,540.93,333.3326,220.8615,76.3252
504,E8-4ads v5,4 / 8,64 GB,300 GiB,432.1600,255.0036,164.2208,88.5067
505,E8-4as v4,4 / 8,64 GB,200 GiB,408.80,240.3306,153.7234,43.946
506,E8-4as v5,4 / 8,64 GB,N/A,367.92,217.0801,139.8023,75.3499
507,E8-4ds v4,4 / 8,64 GB,300 GiB,473.04,278.1665,177.8645,60.5966
508,E8-4ds v5,4 / 8,64 GB,300 GiB,473.04,279.0863,179.7479,77.4837
509,E8-4s v3,4 / 8,64 GB,128 GiB,408.80,254.4196,162.7243,57.6817
510,E8-4s v4,4 / 8,64 GB,N/A,408.80,240.3306,153.7234,52.3673
511,E8-4s v5,4 / 8,64 GB,N/A,408.80,241.1701,155.3367,66.9615
512,DS14-4 v2,4 / 16,112 GB,224 GiB,"1,081.86",666.6652,441.7230,152.6503
513,E16-4ads v5,4 / 16,128 GB,600 GiB,864.3200,509.9196,328.4416,177.0126
514,E16-4as v4,4 / 16,128 GB,400 GiB,817.60,480.7488,307.4176,87.892
515,E16-4as v5,4 / 16,128 GB,N/A,735.84,434.1675,279.6119,150.6998
516,E16-4ds v4,4 / 16,128 GB,600 GiB,946.08,556.333,355.7217,121.1932
517,E16-4ds v5,4 / 16,128 GB,600 GiB,946.08,558.1653,359.5031,154.9681
518,E16-4s v3,4 / 16,128 GB,256 GiB,817.60,508.9195,325.4194,115.3634
519,E16-4s v4,4 / 16,128 GB,N/A,817.60,480.7488,307.4176,104.7346
520,E16-4s v5,4 / 16,128 GB,N/A,817.60,482.4132,310.6953,133.9229
521,M8-4ms,4 / 8,218.75 GB,256 GiB,"1,457.8100",838.4999,407.9459,145.781
522,Gs4-4,4 / 16,224 GB,"3,072 GiB","3,562.40",N/A,N/A,356.24
523,M16-4ms,4 / 16,437.5 GB,256 GiB,"2,916.35","1,677.0801",815.8626,291.635
524,DS14-8 v2,8 / 16,112 GB,224 GiB,"1,081.86",666.6652,441.7230,152.6503
525,E16-8ads v5,8 / 16,128 GB,600 GiB,864.3200,509.9196,328.4416,177.0126
526,E16-8as v4,8 / 16,128 GB,400 GiB,817.60,480.7488,307.4176,87.892
527,E16-8as v5,8 / 16,128 GB,N/A,735.84,434.1675,279.6119,150.6998
528,E16-8ds v4,8 / 16,128 GB,600 GiB,946.08,556.333,355.7217,121.1932
529,E16-8ds v5,8 / 16,128 GB,600 GiB,946.08,558.1653,359.5031,154.9681
530,E16-8s v3,8 / 16,128 GB,256 GiB,817.60,508.9195,325.4194,115.3634
531,E16-8s v4,8 / 16,128 GB,N/A,817.60,480.7488,307.4176,104.7346
532,E16-8s v5,8 / 16,128 GB,N/A,817.60,482.4132,310.6953,133.9229
533,Gs4-8,8 / 16,224 GB,"3,072 GiB","3,562.40",N/A,N/A,356.24
534,E32-8ads v5,8 / 32,256 GB,"1,200 GiB","1,728.6400","1,019.9195",656.8905,354.0252
535,E32-8as v4,8 / 32,256 GB,800 GiB,"1,635.20",961.4976,614.8352,175.784
536,E32-8as v5,8 / 32,256 GB,N/A,"1,471.68",868.2474,559.253,301.4003
537,E32-8ds v4,8 / 32,256 GB,"1,200 GiB","1,892.16","1,112.5857",711.4434,242.3856
538,E32-8ds v5,8 / 32,256 GB,"1,200 GiB","1,892.16","1,116.3306",719.0281,309.9361
539,E32-8s v3,8 / 32,256 GB,512 GiB,"1,635.20","1,017.8317",650.8315,230.7268
540,E32-8s v4,8 / 32,256 GB,N/A,"1,635.20",961.4976,614.8352,209.4692
541,E32s v5,8 / 32,256 GB,N/A,"1,635.20",964.7534,621.3906,267.8458
542,M16-8ms,8 / 16,437.5 GB,256 GiB,"2,916.35","1,677.0801",815.8626,291.635
543,Gs5-8,8 / 32,448 GB,"6,144 GiB","6,343.70",N/A,N/A,634.37
544,M32-8ms,8 / 32,875 GB,"1,024 GiB","5,832.70","3,354.1675","1,631.7471",583.27
545,E32-16ads v5,16 / 32,256 GB,"1,200 GiB","1,728.6400","1,019.9195",656.8905,354.0252
546,E32-16as v4,16 / 32,256 GB,800 GiB,"1,635.20",961.4976,614.8352,175.784
547,E32-16as v5,16 / 32,256 GB,N/A,"1,471.68",868.2474,559.253,301.4003
548,E32-16ds v4,16 / 32,256 GB,"1,200 GiB","1,892.16","1,112.5857",711.4434,242.3856
549,E32-16ds v5,16 / 32,256 GB,"1,200 GiB","1,892.16","1,116.3306",719.0281,309.9361
550,E32-16s v3,16 / 32,256 GB,512 GiB,"1,635.20","1,017.8317",650.8315,230.7268
551,E32-16s v4,16 / 32,256 GB,N/A,"1,635.20",961.4976,614.8352,209.4692
552,E32-16s v5,16 / 32,256 GB,N/A,"1,635.20",964.7534,621.3906,267.8458
553,E64-16s v3,16 / 64,432 GB,864 GiB,"2,943.36","1,918.586","1,226.8307",415.3080
554,Gs5-16,16 / 32,448 GB,"6,144 GiB","6,343.70",N/A,N/A,634.37
555,E64-16ds v4,16 / 64,504 GB,"2,400 GiB","3,784.32","2,225.1641","1,422.916",484.7711
556,E64-16s v4,16 / 64,504 GB,N/A,"3,270.40","1,923.0025","1,229.6631",418.9383
557,E64-16ads v5,16 / 64,512 GB,"2,400 GiB","3,457.2800","2,039.8317","1,313.781",708.0511
558,E64-16as v4,16 / 64,512 GB,"1,600 GiB","3,270.40","1,923.0025","1,229.6631",351.568
559,E64-16as v5,16 / 64,512 GB,N/A,"2,943.36","1,736.5824","1,118.4695",602.8005
560,E64-16ds v5,16 / 64,512 GB,"2,400 GiB","3,784.32","2,232.7488","1,438.027",619.8715
561,E64-16s v5,16 / 64,512 GB,N/A,"3,270.40","1,929.4995","1,242.752",535.6916
562,M32-16ms,16 / 32,875 GB,"1,024 GiB","5,832.70","3,354.1675","1,631.7471",583.27
563,M64-16ms,16 / 64,"1,750 GB","2,048 GiB","12,663.3100","7,282.334","3,542.8068","1,266.331"
564,E96-24ads v5,24 / 96,672 GB,"3,600 GiB","5,185.92","3,059.6636","1,970.6423","1,062.0763"
565,E96-24as v4,24 / 96,672 GB,"2,400 GiB","4,905.6000","2,884.5001","1,844.4983",527.352
566,E96-24as v5,24 / 96,672 GB,N/A,"4,415.04","2,604.8298","1,677.7225",904.1999
567,E96-24ds v5,24 / 96,672 GB,"2,400 GiB","5,676.48","3,349.0867","2,157.0551",929.8076
568,E96-24s v5,24 / 96,672 GB,"3,600 GiB","4,905.6000","2,894.3332","1,864.1353",803.5373
569,E64-32s v3,32 / 64,432 GB,864 GiB,"2,943.36","1,918.586","1,226.8307",415.3080
570,E64-32ds v4,32 / 64,504 GB,"2,400 GiB","3,784.32","2,225.1641","1,422.916",484.7711
571,E64-32s v4,32 / 64,504 GB,N/A,"3,270.40","1,923.0025","1,229.6631",418.9383
572,E64-32ads v5,32 / 64,512 GB,"2,400 GiB","3,457.2800","2,039.8317","1,313.781",708.0511
573,E64-32as v4,32 / 64,512 GB,"1,600 GiB","3,270.40","1,923.0025","1,229.6631",351.568
574,E64-32as v5,32 / 64,512 GB,N/A,"2,943.36","1,736.5824","1,118.4695",602.8005
575,E64-32ds v5,32 / 64,512 GB,"2,400 GiB","3,784.32","2,232.7488","1,438.027",619.8715
576,E64-32s v5,32 / 64,512 GB,N/A,"3,270.40","1,929.4995","1,242.752",535.6916
577,M64-32ms,32 / 64,"1,750 GB","2,048 GiB","12,663.3100","7,282.334","3,542.8068","1,266.331"
578,M128-32ms,32 / 128,"3,800 GB","4,096 GiB","25,326.6200","14,564.7483","7,085.5844","2,532.662"
579,E96-48ads v5,48 / 96,672 GB,"3,600 GiB","5,185.92","3,059.6636","1,970.6423","1,062.0763"
580,E96-48as v4,48 / 96,672 GB,"2,400 GiB","4,905.6000","2,884.5001","1,844.4983",527.352
581,E96-48as v5,48 / 96,672 GB,N/A,"4,415.04","2,604.8298","1,677.7225",904.1999
582,E96-48ds v5,48 / 96,672 GB,"2,400 GiB","5,676.48","3,349.0867","2,157.0551",929.8076
583,E96-48s v5,48 / 96,672 GB,"3,600 GiB","4,905.6000","2,894.3332","1,864.1353",803.5373
584,M128-64ms,64 / 128,"3,800 GB","4,096 GiB","25,326.6200","14,564.7483","7,085.5844","2,532.662"
585,L8s v2,8,64 GiB,80 GiB,1 x 1.9 TB,502.2400,319.9152,212.4446
586,L16s v2,16,128 GiB,160 GiB,2 x 1.9 TB,"1,004.4800",639.8304,424.8892
587,L32s v2,32,256 GiB,320 GiB,4 x 1.9 TB,"2,008.9600","1,279.6681",849.7784
588,L48s v2,48,384 GiB,480 GiB,6 x 1.9 TB,"3,013.44","1,919.5861","1,274.6676"
589,L64s v2,64,512 GiB,640 GiB,8 x 1.9 TB,"4,017.9200","2,559.4165","1,699.5860"
590,L80s v2,80,640 GiB,800 GiB,10 x 1.9 TB,"5,022.40","3,199.3345","2,124.446"
591,L4s,4,32 GiB,678 GiB,251.1200,221.5842,N/A,25.112
592,L8s,8,64 GiB,"1,388 GiB",502.2400,443.1684,N/A,50.224
593,L16s,16,128 GiB,"2,807 GiB","1,004.4800",886.3368,N/A,100.448
594,L32s,32,256 GiB,"5,630 GiB","2,008.9600","1,772.6663",N/A,200.896
595,NC6,6,56 GiB,340 GiB,1X K80,N/A,Blank,Blank
596,NC12,12,112 GiB,680 GiB,2X K80,N/A,Blank,Blank
597,NC24r,24,224 GiB,"1,440 GiB",4X K80,N/A,Blank,Blank
598,NC24,24,224 GiB,"1,440 GiB",4X K80,N/A,Blank,Blank
599,NC6s v2,6,112 GiB,736 GiB,1X P100,N/A,Blank,Blank
600,NC12s v2,12,224 GiB,"1,474 GiB",2X P100,N/A,Blank,Blank
601,NC24rs v2,24,448 GiB,"2,948 GiB",4X P100,N/A,Blank,Blank
602,NC24s v2,24,448 GiB,"2,948 GiB",4X P100,N/A,Blank,Blank
603,NC6s v3,6,112 GiB,736 GiB,1X V100,"2,903.94","1,849.8346",929.2535
604,NC12s v3,12,224 GiB,"1,474 GiB",2X V100,"5,807.88","3,699.5816","1,858.5289"
605,NC24rs v3,24,448 GiB,"2,948 GiB",4X V100,"12,777.19","8,139.1642","4,840.0533"
606,NC24s v3,24,448 GiB,"2,948 GiB",4X V100,"11,615.76","7,399.2508","3,717.0578"
607,NC4as T4 v3,4,28 GiB,180 GiB,1X T4,460.63,294.92,175.0832
608,NC8as T4 v3,8,56 GiB,360 GiB,1X T4,658.46,421.5823,250.3316
609,NC16as T4 v3,16,110 GiB,360 GiB,1X T4,"1,054.8500",675.0018,400.7773
610,NC64as T4 v3,64,440 GiB,"2,880 GiB",4X T4,"3,812.0600","2,439.9155","1,448.6923"
611,NC24ads A100 v4,24,220 GiB,"1,123 GiB",1X A100,N/A,Blank,Blank
612,NC48ads A100 v4,48,440 GiB,"2,246 GiB",2X A100,N/A,Blank,Blank
613,NC96ads A100 v4,96,880 GiB,"4,492 GiB",4X A100,N/A,Blank,Blank
614,NC8ads A10 v4,8,110 GiB,730 GiB,1/2X A10,N/A,Blank,Blank
615,NC16ads A10 v4,16,220 GiB,"1,460 GiB",1X A10,N/A,Blank,Blank
616,NC32ads A10 v4,32,440 GiB,"2,920 GiB",2X A10,N/A,Blank,Blank
617,NP10s,10,168 GiB,700 GiB,N/A,1x Xilinx U250,N/A,N/A
618,NP20s,20,336 GiB,"1,400 GiB",N/A,2x Xilinx U250,N/A,N/A
619,NP40s,40,672 GiB,"2,800 GiB",N/A,4x Xilinx U250,N/A,N/A
620,NV6,6,56 GiB,340 GiB,1X M60,N/A,Blank,Blank
621,NV12,12,112 GiB,680 GiB,2X M60,N/A,Blank,Blank
622,NV24,24,224 GiB,"1,440 GiB",4X M60,N/A,Blank,Blank
623,NV12s v3,12,112 GiB,736 GiB,1X M60,832.2000,532.5861,366.168
624,NV24s v3,24,224 GiB,"1,474 GiB",2X M60,"1,664.4000","1,065.2525",732.336
625,NV48s v3,48,448 GiB,"2,948 GiB",4X M60,"3,328.8000","2,130.4174","1,464.6647"
626,NV6adsv5,6,55 GiB,180 GiB,1/6X A10,N/A,N/A,N/A
627,NV12ads A10 v5,12,110 GiB,320 GiB,1/3X A10,N/A,N/A,N/A
628,NV36ads A10 v5,36,440 GiB,720 GiB,1X A10,N/A,N/A,N/A
629,NV36adms A10 v5,36,880 GiB,720 GiB,1X A10,N/A,N/A,N/A
630,NV72ads A10 v5,72,880 GiB,"1,400 GiB",1X A10,N/A,N/A,N/A
631,ND6s,6,112 GiB,736 GiB,1X P40,N/A,N/A,N/A
632,ND12s,12,224 GiB,"1,474 GiB",2X P40,N/A,N/A,N/A
633,ND24rs,24,448 GiB,"2,948 GiB",4X P40,N/A,N/A,N/A
634,ND24s,24,448 GiB,"2,948 GiB",4X P40,N/A,N/A,N/A
635,ND40rs v2,40,672 GiB,"2,900 GiB",8X V100 (NVlink),N/A,N/A,N/A
636,ND96asr A100 v4,96,900 GiB,"6,500 GiB",8x A100 (NVlink),N/A,N/A,N/A
637,ND96amsr A100 v4,96,"1,900 GiB","6,400 GiB",8x 80GB A100 (NVlink),N/A,N/A,N/A
638,H8,8,56 GiB,"1,000 GiB",708.8300,Blank,Blank,70.8830
639,H8m,8,112 GiB,"1,000 GiB",949.7300,Blank,Blank,94.973
640,H16r,16,112 GiB,"2,000 GiB","1,559.2800",Blank,Blank,155.928
641,H16,16,112 GiB,"2,000 GiB","1,416.93",Blank,Blank,141.6930
642,H16mr,16,224 GiB,"2,000 GiB","2,088.53",Blank,Blank,208.853
643,H16m,16,224 GiB,"2,000 GiB","1,898.73",Blank,Blank,189.873
644,HB60rs,60,228 GiB,700 GiB,N/A,N/A,N/A,N/A
645,HB120rs v2,120,456 GiB,900 GiB,N/A,N/A,N/A,N/A
646,HB120rs v3,120,448 GiB,"2,100 GiB",N/A,N/A,N/A,N/A
647,HB120-16rs v3,16 / 120,448 GiB,"2,100 GiB",N/A,N/A,N/A,N/A
648,HB120-32rs v3,32 / 120,448 GiB,"2,100 GiB",N/A,N/A,N/A,N/A
649,HB120-64rs v3,64 / 120,448 GiB,"2,100 GiB",N/A,N/A,N/A,N/A
650,HB120-96rs v3,96 / 120,448 GiB,"2,100 GiB",N/A,N/A,N/A,N/A
651,HC44rs,44,352 GiB,700 GiB,N/A,N/A,N/A,N/A
